{"_default":{"1":{"obj_area":38416,"k_fact":1,"err_rate":100,"next_k_fact":1},"2":{"obj_area":44100,"k_fact":1,"err_rate":100.0,"next_k_fact":1},"3":{"obj_area":41616,"k_fact":1,"err_rate":100,"next_k_fact":1},"4":{"obj_area":38220,"k_fact":1,"err_rate":100,"next_k_fact":1},"5":{"obj_area":38024,"k_fact":1,"err_rate":100.0,"next_k_fact":1},"6":{"obj_area":59536,"k_fact":1,"err_rate":12.4183006536,"next_k_fact":1.1417910448},"7":{"obj_area":123904,"k_fact":1,"err_rate":100,"next_k_fact":1},"8":{"obj_area":95481,"k_fact":1,"err_rate":100,"next_k_fact":1},"9":{"obj_area":94864,"k_fact":1,"err_rate":100,"next_k_fact":1},"10":{"obj_area":78400,"k_fact":1,"err_rate":100,"next_k_fact":1},"11":{"obj_area":65025,"k_fact":1,"err_rate":100,"next_k_fact":1},"12":{"obj_area":62001,"k_fact":1,"err_rate":98.7987987988,"next_k_fact":83.25},"13":{"obj_area":55225,"k_fact":1,"err_rate":100.0,"next_k_fact":1},"14":{"obj_area":157609,"k_fact":1,"err_rate":18.045112782,"next_k_fact":1.2201834862},"15":{"obj_area":155236,"k_fact":1,"err_rate":100,"next_k_fact":1},"16":{"obj_area":175561,"k_fact":1,"err_rate":100,"next_k_fact":1},"17":{"obj_area":164836,"k_fact":1,"err_rate":10.1851851852,"next_k_fact":1.1134020619},"18":{"obj_area":148225,"k_fact":6.3333333333,"err_rate":46.2427745665,"next_k_fact":1.8602150538},"19":{"obj_area":109561,"k_fact":1,"err_rate":0.8810572687,"next_k_fact":1.0088888889},"20":{"obj_area":148996,"k_fact":1,"err_rate":59.756097561,"next_k_fact":2.4848484848},"21":{"obj_area":149769,"k_fact":30.2,"err_rate":3.9215686275,"next_k_fact":1.0408163265},"22":{"obj_area":171396,"k_fact":1,"err_rate":100,"next_k_fact":1},"23":{"obj_area":129600,"k_fact":1,"err_rate":100,"next_k_fact":1},"24":{"obj_area":173056,"k_fact":1,"err_rate":72.4489795918,"next_k_fact":3.6296296296},"25":{"obj_area":196249,"k_fact":1,"err_rate":100,"next_k_fact":1},"26":{"obj_area":185761,"k_fact":1,"err_rate":100,"next_k_fact":1},"27":{"obj_area":195364,"k_fact":1,"err_rate":100,"next_k_fact":1},"28":{"obj_area":161604,"k_fact":1,"err_rate":95.0,"next_k_fact":20.0},"29":{"obj_area":166464,"k_fact":1.1489361702,"err_rate":6.7796610169,"next_k_fact":1.0727272727},"30":{"obj_area":190096,"k_fact":1,"err_rate":3.75,"next_k_fact":1.038961039},"31":{"obj_area":188356,"k_fact":1,"err_rate":100,"next_k_fact":1},"32":{"obj_area":213444,"k_fact":1,"err_rate":100,"next_k_fact":1},"33":{"obj_area":193600,"k_fact":1,"err_rate":100,"next_k_fact":1},"34":{"obj_area":132496,"k_fact":1,"err_rate":100,"next_k_fact":1},"35":{"obj_area":183184,"k_fact":1,"err_rate":100,"next_k_fact":1},"36":{"obj_area":11664,"k_fact":1,"err_rate":100.0,"next_k_fact":1},"37":{"obj_area":9801,"k_fact":1,"err_rate":100.0,"next_k_fact":1},"38":{"obj_area":16641,"k_fact":1,"err_rate":100,"next_k_fact":1},"39":{"obj_area":14400,"k_fact":1,"err_rate":100,"next_k_fact":1},"40":{"obj_area":13225,"k_fact":1,"err_rate":100,"next_k_fact":1},"41":{"obj_area":13456,"k_fact":1,"err_rate":99.3150684932,"next_k_fact":146.0},"42":{"obj_area":13924,"k_fact":1,"err_rate":100,"next_k_fact":1},"43":{"obj_area":14641,"k_fact":219.5,"err_rate":14.7540983607,"next_k_fact":1.1730769231},"44":{"obj_area":12769,"k_fact":1,"err_rate":96.3636363636,"next_k_fact":27.5},"45":{"obj_area":16129,"k_fact":1,"err_rate":48.3146067416,"next_k_fact":1.9347826087},"46":{"obj_area":15625,"k_fact":1,"err_rate":28.7769784173,"next_k_fact":1.404040404},"47":{"obj_area":12544,"k_fact":1,"err_rate":57.6923076923,"next_k_fact":2.3636363636},"48":{"obj_area":14161,"k_fact":1,"err_rate":100,"next_k_fact":1},"49":{"obj_area":15129,"k_fact":1,"err_rate":96.0,"next_k_fact":25.0},"50":{"obj_area":12321,"k_fact":1,"err_rate":100,"next_k_fact":1},"51":{"obj_area":15376,"k_fact":1,"err_rate":78.2608695652,"next_k_fact":4.6},"52":{"obj_area":11449,"k_fact":1,"err_rate":66.6666666667,"next_k_fact":3.0},"53":{"obj_area":11236,"k_fact":1,"err_rate":100,"next_k_fact":1},"54":{"obj_area":12100,"k_fact":1,"err_rate":96.3541666667,"next_k_fact":27.4285714286},"55":{"obj_area":12996,"k_fact":1,"err_rate":91.6666666667,"next_k_fact":12.0},"56":{"obj_area":13689,"k_fact":1,"err_rate":67.7852348993,"next_k_fact":3.1041666667},"57":{"obj_area":14884,"k_fact":1,"err_rate":17.1511627907,"next_k_fact":1.2070175439},"58":{"obj_area":4761,"k_fact":1,"err_rate":100.0,"next_k_fact":1},"59":{"obj_area":10201,"k_fact":1,"err_rate":100,"next_k_fact":1},"60":{"obj_area":9025,"k_fact":4.8768115942,"err_rate":76.4210526316,"next_k_fact":4.2410714286},"61":{"obj_area":10404,"k_fact":32.3076923077,"err_rate":13.4920634921,"next_k_fact":3.5642201834},"62":{"obj_area":8100,"k_fact":1,"err_rate":100,"next_k_fact":1}}}